# Sheet 'Crête' UsedRange starts at A1 ; data extent rows=31 cols=10
									
									
			Z seuil	600					
			hc	3.06731336836435					
			RN	600					
			PHE	603.067313368364					
			Hs	0.932686631635647					
									
									
				V	Fetch	h	Crête		
			RN	160	2.7	1.0790050349255	602.011691666561		
			PHE	80	2.7	0.884199555433421	604.884199555433		
								605	
									
									
									
									
									
									
									
									
							603.951512923798		
							604		604
									
									
									
							600.932686631636		
									
									
									
							604		
